id;additional_information
1;erat volutpat. Nulla facilisis. Suspendisse
2;bibendum. Donec felis orci, adipiscing
3;lorem fringilla ornare placerat, orci
4;mauris erat eget ipsum.
5;Integer sem elit, pharetra
6;vitae purus gravida
7;Phasellus dapibus quam quis diam.
8;turpis vitae purus gravida
9;neque venenatis lacus.
10;Sed et libero.
11;hendrerit consectetuer, cursus et, magna.
12;urna justo faucibus lectus,
13;gravida molestie arcu.
14;Sed id risus quis diam
15;sem, vitae aliquam eros
16;Duis mi enim, condimentum
17;turpis. Aliquam adipiscing lobortis
18;risus. Duis a mi fringilla
19;mauris ipsum porta elit,
20;auctor ullamcorper, nisl arcu
21;Aliquam adipiscing lobortis risus. In
22;malesuada ut, sem. Nulla interdum.
23;ac mattis semper, dui lectus
24;consectetuer rhoncus. Nullam
25;pharetra nibh. Aliquam
26;dui, nec tempus mauris
27;odio semper cursus.
28;convallis in, cursus
29;Aenean euismod mauris eu elit.
30;Proin dolor. Nulla semper
31;elit, pellentesque a,
32;orci, consectetuer euismod
33;ornare, libero at auctor ullamcorper,
34;Donec feugiat metus
35;ut quam vel
36;elementum at, egestas a, scelerisque
37;imperdiet dictum magna.
38;faucibus ut, nulla.
39;ut, pellentesque eget, dictum
40;Cras interdum. Nunc
41;Quisque fringilla euismod
42;risus. Quisque libero
43;In ornare sagittis
44;vulputate eu, odio. Phasellus
45;justo nec ante. Maecenas mi
46;tristique senectus et netus
47;Donec tempor, est ac mattis
48;turpis. Aliquam adipiscing lobortis risus.
49;eros. Nam consequat dolor
50;eget massa. Suspendisse eleifend.
51;Nullam nisl. Maecenas malesuada fringilla
52;consequat auctor, nunc nulla
53;at arcu. Vestibulum ante ipsum
54;Donec est. Nunc ullamcorper,
55;magnis dis parturient montes,
56;fringilla mi lacinia mattis. Integer
57;dictum placerat, augue. Sed molestie.
58;egestas. Aliquam fringilla cursus
59;tortor, dictum eu,
60;malesuada malesuada. Integer id magna
61;magna et ipsum cursus vestibulum.
62;tempus non, lacinia at, iaculis
63;eleifend. Cras sed leo. Cras
64;in molestie tortor
65;erat. Etiam vestibulum
66;leo elementum sem, vitae aliquam
67;enim commodo hendrerit. Donec porttitor
68;Fusce mollis. Duis
69;Curabitur dictum. Phasellus in felis.
70;a ultricies adipiscing, enim mi
71;nisi nibh lacinia
72;cursus. Nunc mauris elit,
73;Nulla aliquet. Proin velit.
74;velit. Pellentesque ultricies dignissim lacus.
75;arcu iaculis enim, sit amet
76;Sed nec metus facilisis
77;a, malesuada id,
78;arcu. Vestibulum ante ipsum primis
79;vel, faucibus id, libero.
80;metus. In lorem. Donec
81;rhoncus. Nullam velit dui, semper
82;tristique aliquet. Phasellus
83;rhoncus. Donec est.
84;pede et risus. Quisque libero
85;Vivamus molestie dapibus ligula.
86;egestas. Sed pharetra, felis eget
87;diam luctus lobortis. Class aptent
88;malesuada vel, convallis in, cursus
89;tristique aliquet. Phasellus
90;tincidunt orci quis lectus. Nullam
91;augue ut lacus.
92;placerat, orci lacus
93;tincidunt congue turpis. In
94;at, nisi. Cum
95;Phasellus dapibus quam quis
96;Vivamus euismod urna. Nullam lobortis
97;Aliquam adipiscing lobortis risus. In
98;faucibus orci luctus et ultrices
99;orci, consectetuer euismod est
100;interdum libero dui